{"cameraMode":{"drawMode":0,"name":"Shaded","section":"Shading Mode"},"sceneLighting":true,"audioPlay":false,"sceneViewState":{"showFog":true,"showMaterialUpdate":false,"showSkybox":true,"showFlares":true,"showImageEffects":true,"showParticleSystems":true},"in2DMode":false,"pivot":{"x":3.6474170684814455,"y":-3.0598983764648439,"z":-20.853708267211915},"rotation":{"x":0.10788877308368683,"y":0.8908419013023377,"z":-0.2858525812625885,"w":0.33622902631759646},"size":19.322193145751954,"orthographic":false}