{"cameraMode":{"drawMode":0,"name":"Shaded","section":"Shading Mode"},"sceneLighting":true,"audioPlay":false,"sceneViewState":{"showFog":true,"showMaterialUpdate":false,"showSkybox":true,"showFlares":true,"showImageEffects":true,"showParticleSystems":true},"in2DMode":false,"pivot":{"x":0.8934478759765625,"y":-6.192768096923828,"z":-28.463356018066408},"rotation":{"x":0.08023516833782196,"y":0.9188864827156067,"z":-0.29333120584487917,"w":0.25134366750717165},"size":23.8061580657959,"orthographic":false}