{"cameraMode":{"drawMode":0,"name":"Shaded","section":"Shading Mode"},"sceneLighting":true,"audioPlay":false,"sceneViewState":{"showFog":true,"showMaterialUpdate":false,"showSkybox":true,"showFlares":true,"showImageEffects":true,"showParticleSystems":true},"in2DMode":false,"pivot":{"x":-1.43985915184021,"y":-5.964554786682129,"z":2.0343971252441408},"rotation":{"x":-0.25532403588294985,"y":0.3260519504547119,"z":-0.09192650765180588,"w":-0.9055818319320679},"size":3.3612420558929445,"orthographic":false}