{"cameraMode":{"drawMode":0,"name":"Shaded","section":"Shading Mode"},"sceneLighting":true,"audioPlay":false,"sceneViewState":{"showFog":true,"showMaterialUpdate":false,"showSkybox":true,"showFlares":true,"showImageEffects":true,"showParticleSystems":true},"in2DMode":false,"pivot":{"x":-1.587829351425171,"y":-4.628289222717285,"z":2.974381923675537},"rotation":{"x":-0.25532403588294985,"y":0.3260519504547119,"z":-0.09192650765180588,"w":-0.9055818319320679},"size":3.559904098510742,"orthographic":false}